Time (seconds),Temp,Humid,Light
3.71,21.66,45,0
34.51,21.69,46,0
65.31,22.44,41,0
96.11,22.52,31,0
126.91,22.33,31,0
157.71,22.07,32,0
188.51,21.82,32,0
219.31,21.6,32,0
250.11,21.42,32,0
280.91,21.27,32,0
311.71,21.15,33,0
342.51,21.05,33,0
373.31,20.97,33,0
404.13,20.91,33,0
434.93,20.86,33,0
465.73,20.81,33,0
496.53,20.78,33,0
527.33,20.75,33,0
558.13,20.74,33,0
588.93,20.72,33,0
619.73,20.72,33,0
650.54,20.72,33,0
681.34,20.72,33,0
712.14,20.72,33,0
742.94,20.72,33,0
773.74,20.73,33,0
804.54,20.74,33,0
835.35,20.74,33,0
866.15,20.75,33,0
896.95,20.76,33,0
927.75,20.77,33,0
958.56,20.79,33,0
989.36,20.8,33,0
1020.16,20.81,33,0
1050.96,20.82,33,0
1081.76,20.83,33,0
1112.56,20.84,33,0
1143.36,20.85,33,0
1174.16,20.86,33,0
1204.96,20.88,33,0
1235.76,20.89,33,0
1266.58,20.9,33,0
1297.38,20.91,33,0
1328.18,20.92,33,0
1358.98,20.93,33,0
1389.78,20.94,33,0
1420.58,20.95,33,0
1451.38,20.97,32,0
1482.18,20.98,32,0
1512.98,20.99,32,0
1543.78,21,32,0
1574.58,21.01,32,0
1605.38,21.02,32,0
1636.19,21.03,32,0
1666.99,21.04,32,0
1697.81,21.05,32,0
1728.61,21.07,32,0
1759.41,21.08,32,0
1790.21,21.09,32,0
1821.01,21.09,32,0
1851.81,21.1,32,0
1882.61,21.11,32,0
1913.41,21.13,32,0
1944.21,21.14,32,0
1975.01,21.14,32,0
2005.81,21.15,32,0
2036.61,21.16,32,0
2067.41,21.17,32,0
2098.21,21.18,32,0
2129.03,21.19,32,0
2159.83,21.21,32,0
2190.63,21.21,32,0
2221.43,21.22,32,0
2252.23,21.23,32,0
2283.03,21.24,32,0
2313.83,21.25,32,0
2344.63,21.27,32,0
2375.43,21.28,32,0
2406.23,21.29,32,0
2437.03,21.3,32,0
2467.83,21.32,32,0
2498.63,21.33,32,0
2529.45,21.34,32,0
2560.25,21.35,32,0
2591.06,21.37,32,0
2621.86,21.38,32,0
2652.66,21.39,32,0
2683.46,21.4,32,0
2714.26,21.41,32,0
2745.06,21.43,32,0
2775.86,21.44,32,0
2806.66,21.45,32,0
2837.46,21.46,32,0
2868.26,21.47,32,0
2899.06,21.49,32,0
2929.86,21.5,32,0
2960.68,21.51,32,0
2991.48,21.53,32,0
3022.28,21.54,32,0
3053.08,21.55,32,0
3083.88,21.56,32,0
3114.68,21.57,32,0
3145.48,21.59,32,0
3176.28,21.6,32,0
3207.08,21.61,32,0
3237.88,21.63,32,0
3268.69,21.64,32,0
3299.49,21.65,32,0
3330.29,21.66,32,0
3361.11,21.68,32,0
3391.91,21.69,32,0
3422.71,21.7,32,0
3453.51,21.72,32,0
3484.31,21.73,32,0
3515.11,21.74,32,0
3545.91,21.75,32,0
3576.71,21.76,32,0
3607.51,21.77,32,0
3638.31,21.79,32,0
3669.11,21.79,32,0
3699.91,21.81,32,0
3730.71,21.82,32,0
3761.51,21.83,32,0
3792.33,21.84,32,0
3823.13,21.85,32,0
3853.93,21.86,32,0
3884.74,21.87,32,0
3915.54,21.88,32,0
3946.34,21.89,32,0
3977.14,21.9,32,0
4007.94,21.91,32,0
4038.74,21.92,32,0
4069.54,21.93,32,0
4100.34,21.94,32,0
4131.14,21.95,32,0
4161.94,21.96,32,0
4192.76,21.97,32,0
4223.56,21.98,32,0
4254.36,21.99,32,0
4285.16,21.99,32,0
4315.96,22,32,0
4346.76,22.01,32,0
4377.56,22.02,32,0
4408.37,22.03,32,0
4439.17,22.04,32,0
4469.97,22.05,32,0
4500.77,22.05,32,0
4531.57,22.06,32,0
4562.37,22.07,32,0
4593.17,22.07,32,0
4623.99,22.08,32,0
4654.79,22.09,32,0
4685.59,22.1,32,0
4716.39,22.11,32,0
4747.19,22.12,32,0
4777.99,22.13,32,0
4808.79,22.13,32,0
4839.59,22.14,32,0
4870.39,22.15,32,0
4901.19,22.16,32,0
4931.99,22.17,32,0
4962.79,22.17,32,0
4993.59,22.18,32,0
5024.42,22.19,32,0
5055.22,22.19,32,0
5086.02,22.2,32,0
5116.82,22.21,32,0
5147.62,22.21,32,0
5178.42,22.22,32,0
5209.22,22.23,32,0
5240.02,22.23,32,0
5270.82,22.24,32,0
5301.62,22.24,32,0
5332.42,22.25,32,0
5363.22,22.26,32,0
5394.02,22.27,32,0
5424.82,22.28,32,0
5455.64,22.28,32,0
5486.44,22.29,32,0
5517.24,22.29,32,0
5548.05,22.3,32,0
5578.85,22.3,32,0
5609.65,22.31,32,0
5640.45,22.31,32,0
5671.25,22.32,32,0
5702.05,22.33,32,0
5732.85,22.33,32,0
5763.65,22.34,32,0
5794.45,22.35,32,0
5825.25,22.35,32,0
5856.06,22.36,32,0
5886.87,22.37,32,0
5917.67,22.37,32,0
5948.47,22.38,32,0
5979.27,22.38,32,0
6010.07,22.39,32,0
6040.87,22.39,32,0
6071.67,22.4,32,0
6102.47,22.4,32,0
6133.27,22.41,32,0
6164.07,22.42,32,0
6194.87,22.42,32,0
6225.67,22.43,32,0
6256.47,22.43,32,0
6287.29,22.44,32,0
6318.09,22.45,32,0
6348.90,22.45,32,0
6379.70,22.46,32,0
6410.50,22.46,32,0
6441.30,22.46,32,0
6472.10,22.47,32,0
6502.90,22.47,32,0
6533.70,22.48,32,0
6564.50,22.48,32,0
6595.30,22.49,32,0
6626.10,22.5,32,0
6656.90,22.5,32,0
6687.70,22.5,32,0
6718.62,22.51,32,0
6749.42,22.51,32,0
6780.22,22.52,32,0
6811.02,22.52,32,0
6841.83,22.53,32,0
6872.63,22.53,32,0
6903.43,22.54,32,0
6934.23,22.54,32,0
6965.03,22.55,32,0
6995.83,22.55,32,0
7026.63,22.56,32,0
7057.43,22.56,32,0
7088.23,22.56,32,0
7119.05,22.57,32,0
7149.85,22.57,32,0
7180.65,22.57,32,0
7211.45,22.58,32,0
7242.25,22.58,32,0
7273.05,22.59,32,0
7303.85,22.59,32,0
7334.65,22.59,32,0
7365.45,22.6,32,0
7396.25,22.6,32,0
7427.05,22.61,32,0
7457.85,22.61,32,0
7488.66,22.61,32,0
7519.46,22.62,32,0
7550.28,22.62,32,0
7581.08,22.63,32,0
7611.88,22.63,32,0
7642.68,22.63,32,0
7673.48,22.64,32,0
7704.28,22.64,32,0
7735.08,22.65,32,0
7765.88,22.65,32,0
7796.68,22.66,32,0
7827.48,22.66,32,0
7858.28,22.67,32,0
7889.08,22.67,32,0
7919.88,22.67,32,0
7950.70,22.68,32,0
7981.51,22.68,32,0
8012.31,22.69,32,0
8043.11,22.69,32,0
8073.91,22.69,32,0
8104.71,22.7,32,0
8135.51,22.7,32,0
8166.31,22.71,32,0
8197.11,22.71,32,0
8227.91,22.71,32,0
8258.71,22.72,32,0
8289.51,22.72,32,0
8320.31,22.73,32,0
8351.11,22.73,32,0
8381.93,22.74,32,0
8412.73,22.74,32,0
8443.53,22.74,32,0
8474.33,22.74,32,0
8505.13,22.75,32,0
8535.93,22.75,32,0
8566.73,22.75,32,0
8597.53,22.75,32,0
8628.34,22.76,32,0
8659.14,22.76,32,0
8689.94,22.76,32,0
8720.74,22.76,32,0
8751.54,22.77,32,0
8782.36,22.77,32,0
8813.16,22.77,32,0
8843.96,22.78,32,0
8874.76,22.78,32,0
8905.56,22.78,32,0
8936.36,22.79,32,0
8967.16,22.79,32,0
8997.96,22.79,32,0
9028.76,22.79,32,0
9059.56,22.79,32,0
9090.36,22.79,32,0
9121.17,22.79,32,0
9151.97,22.79,32,0
9182.77,22.8,32,0
9213.59,22.79,32,0
9244.39,22.8,32,0
9275.19,22.8,32,0
9305.99,22.8,32,0
9336.79,22.8,32,0
9367.59,22.8,32,0
9398.39,22.8,32,0
9429.19,22.8,32,0
9459.99,22.81,32,0
9490.79,22.81,32,0
9521.59,22.81,32,0
9552.39,22.82,32,0
9583.19,22.82,32,0
9613.99,22.82,32,0
9644.81,22.82,32,0
9675.61,22.82,32,0
9706.41,22.82,32,0
9737.21,22.82,32,0
9768.01,22.83,32,0
9798.81,22.83,32,0
9829.61,22.83,32,0
9860.41,22.83,32,0
9891.21,22.83,32,0
9922.02,22.83,32,0
9952.82,22.84,32,0
9983.62,22.84,32,0
10014.42,22.84,32,0
10045.24,22.84,32,0
10076.04,22.84,32,0
10106.84,22.84,32,0
10137.64,22.84,32,0
10168.44,22.85,32,0
10199.24,22.85,32,0
10230.04,22.85,32,0
10260.84,22.86,32,0
10291.65,22.86,32,0
10322.45,22.86,32,0
10353.25,22.86,32,0
10384.05,22.86,32,0
10414.85,22.86,32,0
10445.67,22.87,32,0
10476.47,22.87,32,0
10507.27,22.87,32,0
10538.07,22.87,32,0
10568.87,22.87,32,0
10599.67,22.88,32,0
10630.47,22.88,32,0
10661.27,22.88,33,0
10692.07,22.88,32,0
10722.87,22.89,32,0
10753.67,22.89,32,0
10784.47,22.89,32,0
10815.27,22.89,32,0
10846.09,22.89,32,0
10876.89,22.89,33,0
10907.69,22.9,33,0
10938.49,22.89,33,0
10969.29,22.89,33,0
11000.09,22.89,33,0
11030.89,22.89,33,0
11061.70,22.9,33,0
11092.50,22.9,33,0
11123.30,22.9,33,0
11154.10,22.9,33,0
11184.90,22.9,33,0
11215.70,22.9,33,0
11246.52,22.9,33,0
11277.32,22.9,33,0
11308.12,22.9,33,0
11338.92,22.9,33,0
11369.72,22.9,33,0
11400.52,22.9,33,0
11431.32,22.9,33,0
11462.12,22.91,33,0
11492.92,22.91,33,0
11523.72,22.91,33,0
11554.52,22.91,33,0
11585.32,22.91,33,0
11616.12,22.91,33,0
11646.94,22.91,33,0
11677.74,22.91,33,0
11708.54,22.92,33,0
11739.35,22.92,33,0
11770.15,22.92,33,0
11800.95,22.92,33,0
11831.75,22.92,33,0
11862.55,22.92,33,0
11893.35,22.92,33,0
11924.15,22.92,33,0
11954.95,22.93,33,0
11985.75,22.93,33,0
12016.55,22.93,33,0
12047.37,22.93,33,0
12078.17,22.93,33,0
12108.97,22.93,33,0
12139.77,22.94,33,0
12170.57,22.94,33,0
12201.37,22.94,33,0
12232.17,22.94,33,0
12262.97,22.94,33,0
12293.77,22.94,33,0
12324.57,22.94,33,0
12355.38,22.94,33,0
12386.18,22.94,33,0
12416.98,22.94,33,0
12447.80,22.95,33,0
12478.60,22.95,33,0
12509.40,22.95,33,0
12540.20,22.95,33,0
12571.00,22.95,33,0
12601.80,22.95,33,0
12632.60,22.95,33,0
12663.40,22.95,33,0
12694.20,22.95,33,0
12725.00,22.95,33,0
12755.80,22.95,33,0
12786.60,22.95,33,0
12817.42,22.95,33,0
12848.22,22.95,33,0
12879.03,22.95,33,0
12909.83,22.95,33,0
12940.63,22.95,33,0
12971.43,22.95,33,0
13002.23,22.95,33,0
13033.03,22.96,33,0
13063.83,22.96,33,0
13094.63,22.96,33,0
13125.43,22.96,33,0
13156.23,22.96,33,0
13187.03,22.96,33,0
13217.96,22.96,33,0
13248.76,22.96,33,0
13279.56,22.97,33,0
13310.36,22.96,33,0
13341.17,22.96,33,0
13371.97,22.96,33,0
13402.77,22.96,33,0
13433.57,22.96,33,0
13464.37,22.97,33,0
13495.17,22.97,33,0
13525.97,22.97,33,0
13556.77,22.97,33,0
13587.57,22.97,33,0
13618.39,22.97,33,0
13649.19,22.97,33,0
13679.99,22.97,33,0
13710.79,22.97,33,0
13741.59,22.96,33,0
13772.39,22.97,33,0
13803.19,22.97,33,0
13833.99,22.97,33,0
13864.79,22.97,33,0
13895.59,22.97,33,0
13926.39,22.97,33,0
13957.19,22.97,33,0
13988.00,22.97,33,0
14018.81,22.97,33,0
14049.61,22.97,33,0
14080.41,22.97,33,0
14111.21,22.97,33,0
14142.02,22.97,33,0
14172.82,22.97,33,0
14203.62,22.98,33,0
14234.42,22.98,33,0
14265.22,22.98,33,0
14296.02,22.98,33,0
14326.82,22.98,33,0
14357.62,22.98,33,0
14388.42,22.98,33,0
14419.24,22.98,33,0
14450.04,22.98,33,0
14480.84,22.99,33,0
14511.64,22.99,33,0
14542.44,22.99,33,0
14573.24,22.99,33,0
14604.04,22.99,33,0
14634.84,22.99,33,0
14665.65,22.99,33,0
14696.45,22.99,33,0
14727.25,22.99,33,0
14758.05,22.99,33,0
14788.87,22.99,33,0
14819.67,22.99,33,0
14850.47,22.99,33,0
14881.27,22.99,33,0
14912.07,23,33,0
14942.87,23,33,0
14973.67,23,33,0
15004.47,23,33,0
15035.27,23,33,0
15066.07,23,33,0
15096.87,23,33,0
15127.67,23,33,0
15158.47,23,33,0
15189.27,23,33,0
15220.07,23,33,0
15250.89,23,33,0
15281.69,23,33,0
15312.49,23,33,0
15343.29,23,33,0
15374.09,23,33,0
15404.89,23,33,0
15435.69,23,33,0
15466.49,23,33,0
15497.29,22.99,33,0
15528.09,22.99,33,0
15558.89,23,33,0
15589.69,22.99,33,0
15620.49,22.99,33,0
15651.29,23,33,0
15682.11,23,33,0
15712.91,23,33,0
15743.71,23,33,0
15774.51,23,33,0
15805.31,22.99,33,0
15836.11,22.99,33,0
15866.91,23,33,0
15897.71,23,33,0
15928.51,22.99,33,0
15959.31,23,33,0
15990.11,23,33,0
16020.91,23,33,0
16051.71,23,33,0
16082.51,23,33,0
16113.31,22.99,33,0
16144.14,23,33,0
16174.93,23,33,0
16205.73,23,33,0
16236.53,23,33,0
16267.33,23,33,0
16298.13,23,33,0
16328.93,23.01,33,0
16359.73,23.01,33,0
16390.53,23.01,33,0
16421.33,23.01,33,0
16452.13,23,33,0
16482.94,23,33,0
16513.73,23,33,0
16544.53,23.01,33,0
16575.35,23.01,33,0
16606.15,23,33,0
16636.96,23.01,33,0
16667.76,23.01,33,0
16698.56,23.01,33,0
16729.36,23.01,33,0
16760.16,23.01,33,0
16790.96,23.01,33,0
16821.76,23.01,33,0
16852.56,23.01,33,0
16883.36,23.01,33,0
16914.16,23.01,33,0
16944.96,23.01,33,0
16975.78,23.02,33,0
17006.58,23.02,33,0
17037.38,23.02,33,0
17068.18,23.02,33,0
17098.98,23.02,33,0
17129.78,23.02,33,0
17160.59,23.02,33,0
17191.39,23.02,33,0
17222.19,23.02,33,0
17252.99,23.02,33,0
17283.79,23.02,33,0
17314.59,23.02,33,0
17345.40,23.02,33,0
17376.21,23.02,33,0
17407.01,23.02,33,0
17437.81,23.02,33,0
17468.61,23.02,33,0
17499.41,23.02,33,0
17530.21,23.02,33,0
17561.01,23.02,33,0
17591.81,23.02,33,0
17622.61,23.02,33,0
17653.41,23.02,33,0
17684.21,23.02,33,0
17715.01,23.02,33,0
17745.83,23.02,33,0
17776.63,23.02,33,0
17807.43,23.01,33,0
17838.23,23.01,33,0
17869.03,23.02,33,0
17899.83,23.02,33,0
17930.63,23.02,33,0
17961.44,23.01,33,0
17992.24,23.01,33,0
18023.04,23.02,33,0
18053.84,23.01,33,0
18084.64,23.02,33,0
18115.44,23.01,33,0
18146.26,23.02,33,0
18177.06,23.02,33,0
18207.86,23.02,33,0
18238.66,23.02,33,0
18269.46,23.02,33,0
18300.26,23.02,33,0
18331.06,23.02,33,0
18361.86,23.02,33,0
18392.66,23.02,33,0
18423.46,23.02,33,0
18454.27,23.02,33,0
18485.07,23.02,33,0
18515.87,23.03,33,0
18546.69,23.03,33,0
18577.49,23.03,33,0
18608.29,23.03,33,0
18639.09,23.03,33,0
18669.89,23.03,33,0
18700.69,23.03,33,0
18731.49,23.03,33,0
18762.29,23.03,33,0
18793.09,23.03,33,0
18823.89,23.03,33,0
18854.69,23.03,33,0
18885.49,23.03,33,0
18916.29,23.03,33,0
18947.11,23.03,33,0
18977.91,23.04,33,0
19008.71,23.04,33,0
19039.51,23.04,33,0
19070.31,23.04,33,0
19101.11,23.04,33,0
19131.91,23.04,33,0
19162.71,23.04,33,0
19193.51,23.04,33,0
19224.31,23.04,33,0
19255.11,23.04,33,0
19285.91,23.04,33,0
19316.72,23.04,33,0
19347.53,23.04,33,0
19378.33,23.04,33,0
19409.13,23.04,33,0
19439.93,23.04,33,0
19470.73,23.04,33,0
19501.53,23.04,33,0
19532.33,23.04,33,0
19563.14,23.04,33,0
19593.94,23.04,33,0
19624.74,23.04,33,0
19655.54,23.04,33,0
19686.34,23.04,33,0
19717.26,23.04,33,0
19748.06,23.04,33,0
19778.86,23.04,33,0
19809.66,23.04,33,0
19840.46,23.04,33,0
19871.26,23.04,33,0
19902.06,23.04,33,0
19932.86,23.04,33,0
19963.66,23.04,33,0
19994.46,23.04,33,0
20025.26,23.04,33,0
20056.07,23.05,33,0
20086.87,23.05,33,0
20117.69,23.05,33,0
20148.49,23.05,33,0
20179.29,23.05,33,0
20210.09,23.05,33,0
20240.89,23.05,33,0
20271.69,23.06,33,0
20302.49,23.06,33,0
20333.29,23.06,33,0
20364.09,23.06,33,0
20394.89,23.07,33,0
20425.69,23.07,33,0
20456.49,23.07,33,0
20487.29,23.07,33,0
20518.11,23.07,33,0
20548.91,23.08,33,0
20579.71,23.08,33,0
20610.51,23.08,33,0
20641.31,23.09,33,0
20672.11,23.09,33,0
20702.91,23.09,33,0
20733.71,23.09,33,0
20764.51,23.1,33,0
20795.31,23.1,33,0
20826.11,23.1,33,0
20856.91,23.1,33,0
20887.72,23.11,33,0
20918.53,23.11,33,0
20949.33,23.11,33,0
20980.13,23.11,33,0
21010.93,23.11,33,0
21041.73,23.12,33,0
21072.53,23.12,33,0
21103.33,23.12,33,0
21134.13,23.13,33,0
21164.93,23.13,33,0
21195.74,23.13,33,0
21226.54,23.13,33,0
21257.34,23.14,33,0
21288.14,23.14,33,0
21318.96,23.14,33,0
21349.76,23.14,33,0
21380.56,23.14,33,0
21411.36,23.15,33,0
21442.16,23.15,33,0
21472.96,23.15,33,0
21503.76,23.15,33,0
21534.56,23.16,33,0
21565.36,23.16,33,0
21596.16,23.16,33,0
21626.96,23.16,33,0
21657.76,23.16,33,0
21688.57,23.16,33,0
21719.38,23.16,33,0
21750.18,23.17,33,0
21780.98,23.17,33,0
21811.78,23.17,33,0
21842.58,23.18,33,0
21873.38,23.18,33,0
21904.18,23.18,33,0
21934.98,23.18,33,0
21965.78,23.18,33,0
21996.58,23.18,33,0
22027.39,23.19,33,0
22058.19,23.19,33,0
22089.01,23.19,33,0
22119.81,23.2,33,0
22150.61,23.2,33,0
22181.41,23.2,33,0
22212.21,23.2,33,0
22243.01,23.2,33,0
22273.81,23.2,33,0
22304.61,23.21,33,0
22335.41,23.21,33,0
22366.21,23.21,33,0
22397.01,23.21,33,0
22427.81,23.21,33,0
22458.61,23.21,33,0
22489.43,23.21,33,0
22520.23,23.21,33,0
22551.03,23.21,33,0
22581.83,23.21,33,0
22612.63,23.21,33,0
22643.43,23.22,33,0
22674.23,23.22,33,0
22705.03,23.22,33,0
22735.83,23.22,33,0
22766.63,23.22,33,0
22797.43,23.23,33,0
22828.24,23.23,33,0
22859.04,23.23,33,0
22889.86,23.23,33,0
22920.66,23.23,33,0
22951.46,23.23,33,0
22982.26,23.23,33,0
23013.06,23.23,33,0
23043.86,23.23,33,0
23074.66,23.24,33,0
23105.46,23.24,33,0
23136.26,23.24,33,0
23167.07,23.24,33,0
23197.87,23.24,33,0
23228.67,23.24,33,0
23259.47,23.24,33,0
23290.29,23.25,33,0
23321.09,23.25,33,0
23351.89,23.25,33,0
23382.69,23.25,33,0
23413.49,23.25,33,0
23444.29,23.25,33,0
23475.09,23.25,33,0
23505.89,23.25,33,0
23536.69,23.25,33,0
23567.49,23.25,33,0
23598.29,23.25,33,0
23629.09,23.25,33,0
23659.89,23.25,33,0
23690.71,23.25,33,0
23721.51,23.25,33,0
23752.31,23.25,33,0
23783.11,23.25,33,0
23813.91,23.25,33,0
23844.71,23.25,33,0
23875.51,23.26,33,0
23906.31,23.26,33,0
23937.11,23.26,33,0
23967.91,23.26,33,0
23998.71,23.26,33,0
24029.51,23.26,33,0
24060.31,23.26,33,0
24091.13,23.26,33,0
24121.94,23.26,33,0
24152.74,23.26,33,0
24183.54,23.26,33,0
24214.34,23.26,33,0
24245.14,23.26,33,0
24275.94,23.26,33,0
24306.74,23.26,33,0
24337.54,23.26,33,0
24368.34,23.27,33,0
24399.14,23.27,33,0
24429.94,23.27,33,0
24460.76,23.27,33,0
24491.56,23.27,33,0
24522.36,23.27,33,0
24553.16,23.27,33,0
24583.96,23.27,33,0
24614.76,23.27,33,0
24645.57,23.27,33,0
24676.37,23.27,33,0
24707.17,23.27,33,0
24737.97,23.28,33,0
24768.77,23.28,33,0
24799.57,23.28,33,0
24830.37,23.28,33,0
24861.19,23.28,33,0
24891.99,23.29,33,0
24922.79,23.29,33,0
24953.59,23.29,33,0
24984.39,23.29,33,0
25015.19,23.29,33,11
25045.99,23.3,33,33
25076.79,23.3,33,52
25107.59,23.3,33,65
25138.39,23.31,33,79
25169.19,23.31,33,92
25199.99,23.31,33,96
25230.79,23.32,33,99
25261.62,23.32,33,101
25292.42,23.33,33,104
25323.22,23.33,33,112
25354.02,23.34,33,113
25384.82,23.34,33,117
25415.62,23.34,33,116
25446.42,23.35,33,118
25477.22,23.36,33,117
25508.02,23.36,33,122
25538.82,23.37,33,121
25569.62,23.37,33,130
25600.44,23.37,33,132
25631.24,23.37,33,137
25662.04,23.38,33,138
25692.84,23.38,33,139
25723.64,23.39,33,136
25754.45,23.39,33,132
25785.25,23.39,33,126
25816.05,23.4,33,124
25846.85,23.4,33,122
25877.65,23.4,33,122
25908.45,23.4,33,123
25939.25,23.41,33,125
25970.18,23.41,33,125
26000.98,23.41,33,128
26031.78,23.41,33,129
26062.58,23.4,33,135
26093.39,23.4,33,134
26124.19,23.4,33,137
26154.99,23.4,33,138
26185.79,23.41,33,142
26216.59,23.41,33,141
26247.39,23.42,33,144
26278.19,23.43,33,140
26308.99,23.44,33,141
26339.81,23.45,33,143
26370.61,23.46,33,142
26401.41,23.46,33,141
26432.21,23.47,33,141
26463.01,23.48,33,140
26493.81,23.48,33,139
26524.61,23.49,33,136
26555.41,23.5,33,134
26586.21,23.52,33,134
26617.01,23.53,33,134
26647.81,23.54,34,127
26678.61,23.55,33,123
26709.44,23.57,34,120
26740.24,23.58,34,119
26771.04,23.59,34,119
26801.84,23.6,33,121
26832.64,23.62,34,126
26863.44,23.63,34,123
26894.24,23.64,36,123
26925.04,23.65,36,124
26955.84,23.66,37,123
26986.64,23.67,36,124
27017.44,23.69,36,124
27048.26,23.7,36,122
27079.06,23.71,37,122
27109.86,23.73,36,119
27140.66,23.74,37,117
27171.46,23.75,37,73
27202.26,23.76,38,116
27233.07,23.77,39,118
27263.87,23.78,39,123
27294.67,23.79,40,123
27325.47,23.8,40,125
27356.27,23.81,40,129
27387.07,23.82,40,133
27417.89,23.83,40,134
27448.69,23.84,40,137
27479.49,23.85,40,143
27510.29,23.85,40,145
27541.09,23.86,39,146
27571.89,23.86,39,142
27602.69,23.87,39,142
27633.49,23.88,39,144
27664.29,23.89,39,145
27695.09,23.89,39,148
27725.89,23.9,39,152
27756.69,23.9,39,154
27787.51,23.91,39,156
27818.31,23.91,39,157
27849.11,23.92,39,159
27879.91,23.92,39,161
27910.71,23.92,39,162
27941.51,23.92,39,168
27972.31,23.93,39,170
28003.12,23.93,39,171
28033.92,23.94,39,168
28064.72,23.94,39,169
28095.52,23.94,39,165
28126.32,23.95,39,164
28157.14,23.95,39,162
28187.94,23.96,39,160
28218.74,23.96,39,153
28249.54,23.96,39,144
28280.34,23.96,40,136
28311.14,23.96,40,134
28341.94,23.96,40,133
28372.74,23.96,40,136
28403.54,23.96,40,140
28434.34,23.96,40,144
28465.14,23.95,40,152
28495.97,23.96,40,153
28526.77,23.96,40,149
28557.57,23.96,40,142
28588.37,23.95,40,132
28619.17,23.95,40,125
28649.97,23.95,40,121
28680.77,23.95,40,115
28711.57,23.95,40,123
28742.37,23.95,40,126
28773.17,23.95,40,128
28803.97,23.95,40,124
28834.77,23.95,40,124
28865.59,23.94,40,122
28896.39,23.94,40,123
28927.19,23.94,40,122
28957.99,23.94,40,122
28988.79,23.94,40,127
29019.59,23.94,40,127
29050.39,23.93,40,133
29081.19,23.94,40,138
29111.99,23.93,40,147
29142.80,23.94,40,153
29173.60,23.94,40,161
29204.41,23.94,40,166
29235.21,23.94,40,168
29266.01,23.95,40,165
29296.82,23.95,40,166
29327.62,23.95,40,168
29358.42,23.95,40,164
29389.22,23.95,40,163
29420.02,23.96,40,161
29450.82,23.96,40,165
29481.62,23.96,40,167
29512.42,23.96,40,165
29543.22,23.96,40,161
29574.04,23.96,40,162
29604.84,23.96,40,162
29635.65,23.96,40,164
29666.45,23.96,40,162
29697.25,23.97,40,161
29728.05,23.97,40,161
29758.85,23.97,40,161
29789.65,23.97,39,161
29820.45,23.97,40,159
29851.25,23.97,39,157
29882.05,23.97,40,156
29912.85,23.97,40,157
29943.67,23.97,39,156
29974.47,23.98,39,157
30005.27,23.98,39,156
30036.07,23.98,39,157
30066.87,23.98,39,154
30097.67,23.98,39,154
30128.47,23.98,39,154
30159.27,23.98,39,155
30190.07,23.98,39,151
30220.87,23.98,39,153
30251.68,23.98,39,154
30282.49,23.98,39,158
30313.29,23.98,39,161
30344.09,23.99,39,164
30374.89,23.99,39,168
30405.69,23.99,39,170
30436.49,23.99,39,177
30467.29,23.99,39,180
30498.09,23.99,39,181
30528.89,23.99,39,181
30559.69,24,39,181
30590.50,24,39,180
30621.30,24,39,181
30652.12,24.01,39,177
30682.92,24.01,39,173
30713.72,24.01,39,168
30744.52,24.01,39,165
30775.32,24.01,39,161
30806.12,24.01,39,163
30836.92,24.01,38,161
30867.72,24.01,39,162
30898.53,24.01,39,164
30929.33,24.01,38,166
30960.13,24.01,38,166
30990.93,24.01,39,165
31021.75,24.01,38,166
31052.55,24.01,38,167
31083.35,24.01,38,167
31114.15,24.01,38,167
31144.95,24.01,38,167
31175.75,24.01,38,165
31206.55,24.01,38,166
31237.35,24.01,38,163
31268.15,24.01,38,166
31298.95,24.01,38,169
31329.75,24.01,38,171
31360.55,24.01,38,171
31391.37,24.01,38,172
31422.17,24.01,38,171
31452.97,24.01,38,168
31483.77,24.01,38,168
31514.57,24.01,38,168
31545.37,24.02,38,172
31576.17,24.02,38,173
31606.97,24.02,38,172
31637.77,24.02,38,172
31668.57,24.02,38,170
31699.38,24.02,38,168
31730.30,24.02,38,164
31761.10,24.02,38,158
31791.90,24.02,38,156
31822.70,24.02,38,152
31853.50,24.02,38,152
31884.30,24.02,38,151
31915.10,24.02,38,156
31945.90,24.02,38,158
31976.70,24.02,38,156
32007.50,24.02,38,154
32038.30,24.02,38,153
32069.10,24.01,38,156
32099.92,24.01,38,159
32130.72,24.01,38,157
32161.52,24.01,38,156
32192.32,24.01,38,156
32223.13,24.01,38,158
32253.93,24.01,38,157
32284.73,24.01,38,155
32315.53,24.01,38,147
32346.33,24.01,38,139
32377.13,24.01,38,136
32407.93,24.01,38,135
32438.73,24,38,133
32469.55,24,38,132
32500.35,24,38,135
32531.15,24,38,138
32561.95,24,38,142
32592.75,24,38,143
32623.55,24,38,142
32654.35,24,38,138
32685.15,23.99,38,135
32715.95,23.99,38,132
32746.75,23.99,38,130
32777.55,23.99,38,126
32808.35,23.98,38,129
32839.18,23.98,38,133
32869.98,23.98,38,133
32900.78,23.98,37,128
32931.58,23.98,37,127
32962.38,23.97,38,128
32993.18,23.97,37,126
33023.98,23.97,37,127
33054.78,23.97,37,133
33085.58,23.97,37,132
33116.38,23.97,37,131
33147.18,23.97,37,129
33177.98,23.97,37,123
33208.80,23.96,37,125
33239.60,23.97,37,122
33270.40,23.96,37,123
33301.20,23.96,37,127
33332.01,23.96,37,137
33362.81,23.96,37,143
33393.61,23.96,37,154
33424.41,23.96,37,158
33455.21,23.96,37,154
33486.01,23.97,37,153
33516.81,23.97,37,157
33547.61,23.97,37,157
33578.43,23.97,37,155
33609.23,23.97,37,152
33640.03,23.97,37,147
33670.83,23.97,37,145
33701.63,23.97,37,143
33732.43,23.97,37,143
33763.23,23.97,37,136
33794.04,23.97,37,134
33824.84,23.96,37,132
33855.64,23.96,37,128
33886.44,23.96,37,127
33917.26,23.97,37,122
33948.06,23.96,37,115
33978.86,23.96,37,107
34009.66,23.96,37,104
34040.46,23.96,37,98
34071.26,23.96,37,92
34102.06,23.95,37,94
34132.86,23.95,37,100
34163.66,23.94,37,109
34194.46,23.94,37,109
34225.26,23.94,37,108
34256.06,23.94,37,100
34286.89,23.93,37,86
34317.69,23.94,37,79
34348.49,23.94,37,71
34379.29,23.93,37,64
34410.09,23.93,37,62
34440.89,23.93,37,67
34471.69,23.93,37,66
34502.49,23.92,37,73
34533.29,23.92,37,74
34564.09,23.92,37,78
34594.89,23.91,37,74
34625.69,23.91,37,74
34656.51,23.91,37,70
34687.31,23.91,37,73
34718.11,23.9,37,68
34748.91,23.9,37,63
34779.71,23.9,37,67
34810.51,23.9,37,60
34841.31,23.9,37,61
34872.11,23.89,37,59
34902.91,23.89,37,68
34933.71,23.88,37,69
34964.51,23.88,37,74
34995.31,23.88,37,76
35026.11,23.88,37,79
35056.93,23.88,37,75
35087.74,23.87,37,74
35118.54,23.87,37,66
35149.34,23.87,37,65
35180.14,23.87,37,57
35210.94,23.87,37,57
35241.74,23.87,37,49
35272.54,23.86,37,42
35303.34,23.86,37,37
35334.14,23.86,37,38
35364.94,23.86,37,51
35395.74,23.86,37,74
35426.56,23.85,37,88
35457.36,23.85,37,90
35488.16,23.85,37,100
35518.96,23.85,37,106
35549.76,23.85,37,113
35580.56,23.85,37,119
35611.36,23.85,37,119
35642.16,23.85,37,112
35672.96,23.85,37,111
35703.76,23.85,37,108
35734.57,23.85,37,116
35765.37,23.85,37,124
35796.19,23.85,37,133
35826.99,23.85,37,139
35857.79,23.85,37,137
35888.59,23.85,37,138
35919.39,23.86,37,145
35950.19,23.86,37,146
35980.99,23.86,37,150
36011.79,23.86,37,148
36042.59,23.86,37,137
36073.39,23.87,37,133
36104.19,23.87,37,124
36135.01,23.87,37,122
36165.81,23.87,37,126
36196.61,23.87,37,127
36227.41,23.87,37,120
36258.21,23.87,37,119
36289.01,23.87,37,113
36319.81,23.86,37,111
36350.61,23.86,37,108
36381.41,23.86,37,107
36412.21,23.86,37,109
36443.01,23.86,37,110
36473.81,23.86,37,108
36504.63,23.86,37,109
36535.44,23.86,37,117
36566.24,23.86,37,121
36597.04,23.86,37,128
36627.84,23.85,37,116
36658.64,23.85,37,107
36689.44,23.85,37,93
36720.24,23.86,37,89
36751.04,23.85,37,75
36781.84,23.85,37,78
36812.64,23.84,37,75
36843.44,23.84,37,73
36874.26,23.84,37,70
36905.06,23.84,37,63
36935.86,23.83,37,56
36966.66,23.83,37,50
36997.46,23.83,37,47
37028.26,23.82,37,46
37059.07,23.82,37,52
37089.87,23.81,37,58
37120.67,23.81,37,63
37151.47,23.81,37,71
37182.27,23.81,37,70
37213.07,23.81,37,66
37243.89,23.8,37,53
37274.69,23.8,37,49
37305.49,23.8,37,52
37336.29,23.8,37,38
37367.09,23.8,37,40
37397.89,23.79,36,38
37428.69,23.79,36,46
37459.49,23.79,36,53
37490.29,23.79,36,66
37521.09,23.79,36,74
37551.89,23.79,36,74
37582.69,23.79,36,75
37613.62,23.79,36,84
37644.42,23.78,36,92
37675.23,23.78,36,108
37706.03,23.78,36,116
37736.83,23.78,36,120
37767.63,23.78,36,128
37798.43,23.78,36,136
37829.23,23.79,36,132
37860.03,23.79,36,134
37890.83,23.79,36,135
37921.63,23.8,36,145
37952.43,23.8,36,158
37983.25,23.8,36,176
38014.05,23.81,36,186
38044.85,23.81,36,192
38075.65,23.82,36,196
38106.45,23.82,36,198
38137.25,23.83,36,200
38168.05,23.84,36,201
38198.85,23.85,36,199
38229.65,23.86,36,203
38260.45,23.87,36,204
38291.25,23.88,36,207
38322.05,23.89,36,208
38352.87,23.9,36,208
38383.67,23.91,36,208
38414.47,23.92,36,206
38445.27,23.93,36,208
38476.07,23.94,36,210
38506.87,23.94,36,210
38537.67,23.95,36,211
38568.47,23.96,36,213
38599.27,23.97,36,214
38630.07,23.98,36,215
38660.88,23.99,36,215
38691.68,23.99,36,213
38722.50,24,36,213
38753.30,24.01,36,212
38784.10,24.01,36,213
38814.90,24.02,36,212
38845.70,24.03,36,212
38876.50,24.04,36,210
38907.30,24.04,36,212
38938.10,24.04,36,211
38968.90,24.05,36,212
38999.70,24.06,36,213
39030.50,24.07,36,211
39061.32,24.07,36,210
39092.12,24.08,36,212
39122.93,24.08,36,211
39153.73,24.09,36,209
39184.53,24.09,36,209
39215.33,24.1,36,207
39246.13,24.1,36,207
39276.93,24.1,36,207
39307.73,24.1,36,206
39338.53,24.1,36,205
39369.33,24.11,35,201
39400.13,24.11,35,197
39430.95,24.11,35,193
39461.75,24.11,35,191
39492.55,24.11,35,189
39523.35,24.11,35,184
39554.15,24.1,35,181
39584.95,24.1,35,178
39615.75,24.1,35,178
39646.55,24.1,35,177
39677.35,24.09,35,180
39708.15,24.09,35,179
39738.95,24.09,35,182
39769.76,24.09,35,183
39800.57,24.09,35,185
39831.37,24.09,35,188
39862.17,24.09,35,190
39892.97,24.09,35,190
39923.78,24.09,35,189
39954.58,24.09,35,188
39985.38,24.09,35,184
40016.18,24.09,35,180
40046.98,24.1,35,179
40077.78,24.1,35,174
40108.58,24.1,35,165
40139.38,24.1,35,161
40170.20,24.09,35,160
40201.00,24.09,35,161
40231.80,24.09,35,160
40262.60,24.09,35,166
40293.40,24.09,35,173
40324.20,24.08,35,180
40355.00,24.08,35,188
40385.80,24.08,35,190
40416.61,24.08,35,192
40447.41,24.08,35,194
40478.21,24.09,35,196
40509.03,24.09,35,202
40539.83,24.1,35,206
40570.63,24.1,35,207
40601.43,24.11,35,207
40632.23,24.12,35,208
40663.03,24.12,35,209
40693.83,24.13,35,207
40724.63,24.14,35,207
40755.43,24.14,35,206
40786.23,24.14,35,204
40817.03,24.15,35,202
40847.83,24.15,35,200
40878.65,24.16,35,198
40909.45,24.16,35,196
40940.25,24.16,35,196
40971.05,24.16,35,193
41001.85,24.16,35,192
41032.65,24.16,35,192
41063.46,24.17,35,195
41094.26,24.17,35,196
41125.06,24.17,35,195
41155.86,24.17,35,197
41186.66,24.17,35,199
41217.46,24.17,35,199
41248.28,24.18,35,194
41279.08,24.18,35,188
41309.88,24.18,35,185
41340.68,24.18,35,185
41371.48,24.18,35,186
41402.28,24.18,35,191
41433.08,24.18,35,193
41463.88,24.18,35,193
41494.68,24.18,35,194
41525.48,24.18,35,194
41556.29,24.18,35,195
41587.11,24.18,35,193
41617.91,24.18,35,192
41648.71,24.18,35,191
41679.51,24.18,35,192
41710.31,24.18,35,192
41741.11,24.18,35,194
41771.91,24.18,35,193
41802.71,24.18,35,190
41833.51,24.18,35,188
41864.31,24.18,35,188
41895.11,24.18,35,190
41925.91,24.18,35,193
41956.73,24.18,35,195
41987.53,24.18,35,198
42018.33,24.18,35,202
42049.13,24.19,35,205
42079.93,24.2,35,209
42110.73,24.2,35,210
42141.53,24.21,35,212
42172.34,24.21,35,213
42203.14,24.22,35,214
42233.94,24.23,35,214
42264.74,24.23,35,215
42295.54,24.24,35,215
42326.36,24.25,35,213
42357.16,24.25,35,212
42387.96,24.26,35,212
42418.76,24.26,35,211
42449.56,24.26,35,211
42480.36,24.26,35,210
42511.16,24.27,35,209
42541.96,24.28,35,209
42572.76,24.28,35,206
42603.56,24.29,35,206
42634.36,24.29,35,205
42665.18,24.29,35,206
42695.98,24.29,35,204
42726.78,24.3,35,205
42757.58,24.29,35,205
42788.38,24.29,35,204
42819.19,24.29,35,204
42849.99,24.29,35,205
42880.79,24.29,35,205
42911.59,24.29,35,206
42942.39,24.29,35,206
42973.19,24.3,35,208
43003.99,24.3,35,209
43034.81,24.31,35,211
43065.61,24.31,35,212
43096.41,24.31,35,213
43127.21,24.31,35,213
43158.01,24.32,35,213
43188.81,24.32,35,214
43219.61,24.33,35,214
43250.41,24.33,35,213
43281.21,24.33,35,212
43312.01,24.33,35,212
43342.81,24.34,35,212
43373.61,24.34,35,211
43404.54,24.34,35,210
43435.34,24.34,35,208
43466.14,24.35,35,206
43496.94,24.35,35,205
43527.74,24.35,35,201
43558.54,24.35,35,202
43589.34,24.35,35,195
43620.15,24.35,35,199
43650.95,24.35,35,199
43681.75,24.35,35,200
43712.55,24.35,35,200
43743.35,24.35,34,199
43774.16,24.36,34,198
43804.96,24.35,35,196
43835.76,24.35,35,196
43866.56,24.35,35,196
43897.36,24.35,35,197
43928.16,24.35,35,198
43958.96,24.35,35,197
43989.77,24.35,35,197
44020.57,24.34,35,197
44051.37,24.34,35,197
44082.17,24.34,35,198
44112.99,24.34,35,198
44143.79,24.33,35,199
44174.59,24.33,34,199
44205.39,24.33,35,199
44236.19,24.33,35,201
44266.99,24.34,35,202
44297.79,24.34,35,202
44328.59,24.34,34,202
44359.39,24.33,34,203
44390.19,24.33,34,203
44420.99,24.34,34,204
44451.80,24.34,34,205
44482.61,24.34,34,205
44513.41,24.34,34,206
44544.21,24.34,34,207
44575.01,24.35,34,208
44605.81,24.35,34,208
44636.61,24.35,34,207
44667.41,24.36,34,208
44698.21,24.36,34,209
44729.01,24.36,34,209
44759.82,24.37,34,211
44790.62,24.37,34,211
44821.44,24.37,34,212
44852.24,24.37,34,213
44883.04,24.38,34,214
44913.84,24.39,34,214
44944.64,24.39,34,215
44975.44,24.4,34,216
45006.24,24.4,34,216
45037.04,24.41,34,217
45067.85,24.42,34,218
45098.65,24.42,34,219
45129.45,24.42,34,219
45160.25,24.43,34,219
45191.07,24.43,34,220
45221.87,24.44,34,220
45252.67,24.45,34,221
45283.47,24.46,34,222
45314.27,24.47,34,223
45345.07,24.48,34,224
45375.87,24.48,34,223
45406.67,24.48,34,224
45437.47,24.49,34,225
45468.27,24.49,34,225
45499.07,24.5,34,224
45529.87,24.51,34,224
45560.69,24.52,34,224
45591.49,24.53,34,225
45622.29,24.53,34,226
45653.09,24.54,34,226
45683.89,24.55,34,225
45714.70,24.56,34,226
45745.50,24.57,34,226
45776.30,24.58,34,226
45807.10,24.59,34,223
45837.90,24.58,34,217
45868.70,24.58,33,216
45899.52,24.58,34,218
45930.32,24.57,34,217
45961.12,24.57,34,217
45991.92,24.56,34,218
46022.72,24.56,34,218
46053.52,24.56,34,216
46084.32,24.56,34,216
46115.12,24.56,34,220
46145.92,24.56,33,219
46176.72,24.57,33,224
46207.53,24.58,33,223
46238.33,24.59,33,217
46269.15,24.6,33,214
46299.95,24.6,33,214
46330.75,24.61,34,217
46361.55,24.62,33,219
46392.35,24.63,33,225
46423.15,24.65,34,227
46453.95,24.66,34,227
46484.75,24.67,34,225
46515.55,24.67,34,225
46546.35,24.69,34,224
46577.15,24.69,34,224
46607.95,24.7,34,223
46638.77,24.7,34,224
46669.57,24.7,33,223
46700.37,24.69,33,221
46731.17,24.68,34,224
46761.97,24.67,33,224
46792.77,24.67,33,220
46823.57,24.67,33,221
46854.38,24.67,33,219
46885.17,24.68,33,215
46915.97,24.68,33,225
46946.77,24.69,33,225
46977.57,24.69,33,221
47008.40,24.7,33,226
47039.20,24.71,33,227
47070.00,24.72,33,226
47100.80,24.72,33,225
47131.60,24.72,33,226
47162.40,24.72,33,226
47193.20,24.72,33,223
47224.00,24.73,34,222
47254.80,24.72,32,221
47285.60,24.73,33,222
47316.40,24.73,33,223
47347.22,24.75,33,216
47378.02,24.75,33,218
47408.82,24.74,33,221
47439.62,24.74,33,214
47470.42,24.75,33,221
47501.22,24.76,33,219
47532.02,24.77,33,222
47562.82,24.78,33,222
47593.62,24.78,33,220
47624.42,24.77,33,225
47655.23,24.77,33,224
47686.03,24.77,33,223
47716.85,24.78,33,223
47747.65,24.79,33,221
47778.45,24.78,32,226
47809.25,24.79,32,222
47840.05,24.78,32,221
47870.85,24.78,32,225
47901.65,24.79,32,225
47932.45,24.81,32,228
47963.25,24.84,32,227
47994.05,24.86,32,228
48024.85,24.9,32,228
48055.65,24.91,32,228
48086.47,24.93,31,226
48117.27,24.93,32,227
48148.07,24.94,32,228
48178.87,24.96,31,228
48209.67,24.99,31,227
48240.47,25.01,32,228
48271.27,25.04,32,229
48302.08,25.06,31,229
48332.87,25.08,31,228
48363.67,25.09,31,229
48394.47,25.09,31,229
48425.29,25.11,31,229
48456.10,25.13,31,229
48486.90,25.15,31,229
48517.70,25.16,31,228
48548.50,25.18,31,227
48579.30,25.18,31,227
48610.10,25.2,30,227
48640.90,25.2,30,227
48671.70,25.21,30,227
48702.50,25.22,30,228
48733.30,25.22,30,229
48764.10,25.23,30,230
48794.92,25.24,30,229
48825.73,25.26,30,229
48856.53,25.27,30,229
48887.33,25.29,30,230
48918.13,25.3,30,229
48948.93,25.32,30,229
48979.73,25.33,29,229
49010.53,25.34,29,228
49041.33,25.35,29,228
49072.13,25.36,29,229
49102.93,25.37,29,228
49133.73,25.38,29,229
49164.66,25.39,29,228
49195.46,25.4,29,228
49226.26,25.42,28,228
49257.06,25.43,28,229
49287.87,25.43,28,229
49318.67,25.42,28,229
49349.47,25.43,28,229
49380.27,25.44,28,230
49411.07,25.45,27,230
49441.87,25.45,27,231
49472.67,25.44,27,231
49503.49,25.45,27,231
49534.29,25.45,27,231
49565.09,25.45,27,231
49595.89,25.46,27,232
49626.69,25.48,27,232
49657.49,25.49,27,232
49688.29,25.51,27,232
49719.09,25.53,27,232
49749.89,25.55,27,232
49780.69,25.57,27,232
49811.49,25.59,27,231
49842.29,25.61,27,231
49873.11,25.63,27,231
49903.92,25.65,27,231
49934.72,25.66,27,231
49965.52,25.69,27,231
49996.32,25.71,26,230
50027.12,25.74,26,228
50057.92,25.76,26,228
50088.72,25.79,26,232
50119.52,25.8,27,232
50150.32,25.82,28,230
50181.12,25.85,27,229
50211.92,25.88,27,229
50242.74,25.89,27,231
50273.54,25.91,28,231
50304.34,25.92,28,232
50335.14,25.94,29,233
50365.94,25.95,29,229
50396.74,25.96,29,219
50427.54,25.97,29,231
50458.34,25.98,29,232
50489.14,25.99,30,230
50519.94,25.99,30,214
50550.75,25.97,30,226
50581.56,25.96,30,232
50612.36,25.95,30,233
50643.16,25.96,30,233
50673.96,25.98,29,233
50704.77,25.99,29,228
50735.57,25.99,29,233
50766.37,26,29,233
50797.17,26.01,29,233
50827.97,26.02,29,233
50858.77,26.03,28,233
50889.57,26.04,28,234
50920.37,26.06,28,234
50951.19,26.07,28,233
50981.99,26.08,28,233
51012.79,26.09,28,234
51043.59,26.11,28,233
51074.39,26.13,28,234
51105.19,26.15,27,234
51135.99,26.16,27,234
51166.79,26.18,27,234
51197.59,26.2,27,235
51228.39,26.22,27,235
51259.19,26.25,27,235
51289.99,26.27,27,235
51320.81,26.3,26,235
51351.62,26.31,26,235
51382.42,26.33,26,235
51413.22,26.35,26,233
51444.02,26.36,26,235
51474.82,26.38,26,235
51505.62,26.4,26,235
51536.42,26.43,26,235
51567.22,26.46,26,235
51598.02,26.49,26,235
51628.82,26.51,25,235
51659.64,26.54,25,235
51690.44,26.56,25,235
51721.24,26.59,25,235
51752.04,26.61,25,236
51782.84,26.62,25,236
51813.64,26.64,25,236
51844.44,26.65,25,236
51875.25,26.67,25,236
51906.05,26.68,24,236
51936.85,26.7,24,236
51967.65,26.73,24,236
51998.45,26.76,24,237
52029.27,26.78,24,237
52060.07,26.78,24,237
52090.87,26.8,24,237
52121.67,26.81,24,237
52152.47,26.82,24,237
52183.27,26.83,24,238
52214.07,26.84,24,238
52244.87,26.83,24,237
52275.67,26.85,24,238
52306.47,26.86,23,238
52337.27,26.88,23,238
52368.07,26.91,23,238
52398.89,26.93,23,238
52429.69,26.95,23,238
52460.49,26.96,23,238
52491.29,26.98,23,239
52522.09,27,23,239
52552.89,27.02,23,239
52583.69,27.04,23,239
52614.49,27.05,23,239
52645.30,27.07,23,240
52676.10,27.08,23,240
52706.90,27.1,23,240
52737.70,27.12,23,241
52768.52,27.13,22,241
52799.32,27.15,22,241
52830.12,27.18,22,242
52860.92,27.2,22,242
52891.72,27.2,22,242
52922.52,27.22,22,243
52953.32,27.23,22,243
52984.12,27.25,22,243
53014.92,27.27,22,244
53045.72,27.3,22,244
53076.52,27.31,22,243
53107.34,27.32,22,244
53138.15,27.33,22,245
53168.95,27.34,22,245
53199.75,27.37,22,245
53230.55,27.39,21,245
53261.35,27.43,21,245
53292.15,27.46,21,245
53322.95,27.48,21,246
53353.75,27.5,21,246
53384.55,27.52,21,246
53415.35,27.55,21,246
53446.15,27.57,21,246
53476.97,27.59,21,246
53507.77,27.6,21,246
53538.57,27.63,21,247
53569.37,27.65,21,247
53600.17,27.68,21,247
53630.97,27.7,21,248
53661.77,27.73,21,250
53692.57,27.75,21,251
53723.37,27.75,21,253
53754.17,27.77,21,254
53784.97,27.8,20,254
53815.77,27.83,20,252
53846.59,27.82,20,237
53877.39,27.81,20,230
53908.19,27.78,20,218
53938.99,27.76,20,213
53969.79,27.72,20,209
54000.59,27.66,20,211
54031.39,27.57,20,214
54062.19,27.5,20,219
54093.00,27.41,20,226
54123.80,27.33,20,232
54154.60,27.26,21,244
54185.40,27.22,21,244
54216.22,27.18,20,241
54247.02,27.13,21,241
54277.82,27.08,21,244
54308.62,27.03,21,241
54339.42,27,21,244
54370.22,26.99,21,246
54401.02,27.03,21,253
54431.82,27.17,21,254
54462.62,27.43,20,254
54493.42,27.75,20,254
54524.22,28.09,19,254
54555.04,28.46,19,254
54585.85,28.67,18,248
54616.65,28.72,18,246
54647.45,28.7,19,243
54678.25,28.63,19,242
54709.05,28.55,19,243
54739.85,28.45,19,228
54770.65,28.35,19,219
54801.45,28.25,19,216
54832.25,28.12,19,209
54863.05,28,19,208
54893.85,27.9,19,209
54924.77,27.8,20,209
54955.57,27.71,20,213
54986.37,27.63,20,213
55017.17,27.55,20,206
55047.97,27.48,20,204
55078.77,27.41,20,204
55109.57,27.33,20,204
55140.37,27.27,20,206
55171.17,27.21,20,207
55201.97,27.16,20,207
55232.78,27.11,20,208
55263.58,27.07,20,204
55294.40,27.03,20,199
55325.20,27,20,200
55356.00,26.97,20,199
55386.80,26.93,20,200
55417.60,26.89,20,201
55448.40,26.85,21,202
55479.20,26.81,21,202
55510.00,26.78,21,199
55540.80,26.75,21,201
55571.61,26.72,21,207
55602.41,26.7,21,212
55633.21,26.68,21,215
55664.03,26.67,21,215
55694.83,26.65,21,214
55725.63,26.63,21,217
55756.43,26.61,21,218
55787.23,26.59,21,220
55818.03,26.57,21,224
55848.83,26.56,21,248
55879.63,26.61,21,247
55910.43,26.7,22,253
55941.23,26.77,21,229
55972.03,26.79,21,214
56002.85,26.79,21,215
56033.65,26.78,21,216
56064.45,26.77,21,222
56095.25,26.76,21,244
56126.05,26.76,21,250
56156.85,26.8,21,252
56187.66,26.88,21,253
56218.46,27.03,21,253
56249.26,27.21,21,253
56280.06,27.36,21,251
56310.86,27.51,20,252
56341.66,27.61,20,248
56372.48,27.66,20,241
56403.28,27.68,20,241
56434.08,27.66,20,245
56464.88,27.7,21,251
56495.68,27.75,21,252
56526.48,27.86,21,253
56557.28,28.02,20,253
56588.08,28.2,20,253
56618.88,28.38,20,253
56649.68,28.56,20,252
56680.49,28.73,19,251
56711.29,28.89,19,249
56742.11,29.03,19,247
56772.91,29.14,19,245
56803.71,29.23,19,244
56834.51,29.3,19,243
56865.31,29.33,19,243
56896.11,29.34,19,242
56926.91,29.3,19,242
56957.71,29.25,19,242
56988.51,29.18,19,241
57019.31,29.09,19,241
57050.11,28.98,19,240
57080.92,28.87,19,240
57111.73,28.74,19,239
57142.53,28.62,19,239
57173.33,28.5,20,238
57204.13,28.38,20,238
57234.93,28.29,20,237
57265.73,28.19,20,236
57296.53,28.11,20,236
57327.33,28.02,20,235
57358.13,27.95,20,235
57388.93,27.88,20,234
57419.73,27.83,20,234
57450.55,27.78,20,233
57481.36,27.73,20,233
57512.16,27.67,20,232
57542.96,27.61,20,231
57573.76,27.57,20,231
57604.56,27.51,20,230
57635.36,27.47,20,229
57666.16,27.44,20,228
57696.96,27.4,20,228
57727.76,27.36,20,227
57758.56,27.32,20,226
57789.36,27.28,20,225
57820.18,27.24,21,223
57850.98,27.2,21,223
57881.78,27.15,21,222
57912.58,27.12,21,222
57943.38,27.08,21,221
57974.18,27.03,21,220
58004.99,27,21,220
58035.79,26.97,21,219
58066.59,26.94,21,219
58097.39,26.9,21,218
58128.19,26.87,21,218
58158.99,26.84,21,217
58189.81,26.81,21,216
58220.61,26.77,21,216
58251.41,26.74,21,216
58282.21,26.71,21,215
58313.01,26.68,21,214
58343.81,26.65,21,213
58374.61,26.63,21,212
58405.41,26.6,21,211
58436.21,26.58,21,211
58467.01,26.56,21,209
58497.81,26.54,21,207
58528.63,26.52,21,206
58559.43,26.5,21,205
58590.23,26.47,21,205
58621.04,26.45,21,203
58651.84,26.44,21,201
58682.64,26.42,21,200
58713.44,26.4,21,199
58744.24,26.38,21,196
58775.04,26.36,21,193
58805.84,26.33,22,190
58836.64,26.3,22,187
58867.44,26.28,22,185
58898.26,26.26,22,185
58929.07,26.24,22,184
58959.87,26.21,22,185
58990.67,26.19,22,185
59021.47,26.17,22,186
59052.27,26.14,22,188
59083.07,26.12,22,187
59113.87,26.1,22,185
59144.67,26.09,22,184
59175.47,26.07,22,184
59206.27,26.05,22,183
59237.07,26.04,22,182
59267.89,26.02,22,182
59298.69,26.01,22,181
59329.49,25.99,22,179
59360.29,25.98,22,178
59391.09,25.96,22,175
59421.89,25.95,22,171
59452.69,25.92,22,168
59483.49,25.9,22,167
59514.29,25.88,22,165
59545.09,25.86,22,163
59575.90,25.84,22,162
59606.70,25.83,22,161
59637.52,25.82,22,162
59668.32,25.81,22,162
59699.12,25.79,22,160
59729.92,25.79,22,159
59760.72,25.78,22,156
59791.52,25.76,22,154
59822.32,25.76,22,152
59853.12,25.75,22,146
59883.92,25.73,22,143
59914.72,25.72,22,139
59945.52,25.71,22,137
59976.34,25.7,22,134
60007.14,25.69,23,130
60037.94,25.67,22,126
60068.75,25.66,22,123
60099.55,25.65,22,118
60130.35,25.64,23,106
60161.15,25.63,22,98
60191.95,25.62,23,101
60222.75,25.6,23,103
60253.55,25.59,23,104
60284.35,25.58,23,101
60315.15,25.57,23,93
60345.97,25.56,22,85
60376.77,25.54,23,69
60407.57,25.53,23,61
60438.37,25.51,23,51
60469.17,25.5,23,44
60499.97,25.49,23,32
60530.77,25.48,23,28
60561.57,25.46,23,18
60592.37,25.45,23,18
60623.17,25.43,23,3
60653.97,25.42,23,0
60684.77,25.41,23,0
60715.70,25.4,23,0
60746.51,25.38,23,0
60777.31,25.37,23,0
60808.11,25.36,23,0
60838.91,25.34,23,0
60869.71,25.33,23,0
60900.51,25.32,23,0
60931.31,25.31,23,0
60962.11,25.3,23,0
60992.91,25.3,23,0
61023.71,25.29,23,0
61054.51,25.28,23,0
61085.31,25.27,23,0
61116.13,25.26,23,0
61146.93,25.25,23,0
61177.73,25.24,23,0
61208.53,25.23,23,0
61239.33,25.22,23,0
61270.13,25.21,23,0
61300.93,25.21,23,0
61331.73,25.2,23,0
61362.54,25.19,23,0
61393.34,25.18,23,0
61424.14,25.17,23,0
61454.94,25.16,23,0
61485.74,25.15,24,0
61516.56,25.14,23,0
61547.36,25.13,24,0
61578.16,25.11,24,0
61608.96,25.11,24,0
61639.76,25.1,24,0
61670.56,25.09,24,0
61701.36,25.08,24,0
61732.16,25.07,24,0
61762.96,25.07,24,0
61793.76,25.06,24,0
61824.56,25.05,24,0
61855.36,25.04,24,0
61886.17,25.03,24,0
61916.99,25.02,24,0
61947.79,25.01,24,0
61978.59,25,24,0
62009.39,24.99,24,0
62040.19,24.98,24,0
62070.99,24.97,24,0
62101.79,24.96,24,0
62132.59,24.95,24,0
62163.39,24.94,24,0
62194.19,24.93,24,0
62224.99,24.92,24,0
62255.79,24.91,24,0
62286.59,24.91,24,0
62317.41,24.9,24,0
62348.21,24.89,24,0
62379.01,24.89,24,0
62409.81,24.88,24,0
62440.61,24.87,24,0
62471.41,24.87,24,0
62502.22,24.86,24,0
62533.02,24.85,24,0
62563.82,24.83,24,0
62594.62,24.82,24,0
62625.42,24.81,24,0
62656.22,24.8,24,0
62687.02,24.79,24,0
62717.84,24.78,24,0
62748.64,24.78,24,0
62779.44,24.77,24,0
62810.24,24.77,24,0
62841.04,24.75,24,0
62871.84,24.75,24,0
62902.64,24.74,24,0
62933.44,24.73,24,0
62964.24,24.73,24,0
62995.04,24.72,24,0
63025.85,24.7,24,0
63056.65,24.7,24,0
63087.45,24.68,24,0
63118.27,24.66,24,0
63149.07,24.65,24,0
63179.87,24.63,24,0
63210.67,24.61,24,0
63241.47,24.58,24,0
63272.27,24.56,24,0
63303.07,24.56,24,0
63333.87,24.55,24,0
63364.67,24.53,24,0
63395.47,24.51,24,0
63426.27,24.5,24,0
63457.07,24.49,24,0
63487.87,24.49,24,0
63518.69,24.48,24,0
63549.49,24.48,24,0
63580.29,24.47,24,0
63611.09,24.46,25,0
63641.89,24.44,24,0
63672.69,24.42,25,0
63703.49,24.4,25,0
63734.29,24.39,25,0
63765.09,24.38,25,0
63795.90,24.38,25,0
63826.70,24.39,25,0
63857.50,24.39,25,0
63888.32,24.4,25,0
63919.12,24.41,25,0
63949.92,24.41,25,0
63980.72,24.41,25,0
64011.52,24.41,25,0
64042.32,24.41,25,0
64073.12,24.41,25,0
64103.92,24.41,25,0
64134.72,24.4,26,0
64165.52,24.39,26,0
64196.32,24.39,26,0
64227.12,24.4,26,0
64257.92,24.41,26,0
64288.74,24.41,26,0
64319.55,24.42,27,0
64350.35,24.42,26,0
64381.15,24.42,27,0
64411.95,24.42,27,0
64442.75,24.43,27,0
64473.55,24.43,27,0
64504.35,24.44,27,0
64535.15,24.44,27,0
64565.95,24.44,27,0
64596.75,24.44,28,0
64627.55,24.44,28,0
64658.35,24.44,28,0
64689.17,24.44,28,0
64719.97,24.44,28,0
64750.77,24.44,28,0
64781.57,24.44,29,0
64812.37,24.44,29,0
64843.17,24.44,29,0
64873.97,24.44,29,0
64904.77,24.44,29,0
64935.58,24.45,29,0
64966.38,24.45,29,0
64997.18,24.45,29,0
65027.98,24.45,29,0
65058.78,24.46,29,0
65089.60,24.47,29,0
65120.40,24.47,29,0
65151.20,24.48,29,0
65182.00,24.48,29,0
65212.80,24.48,29,0
65243.60,24.49,29,0
65274.40,24.5,29,0
65305.20,24.51,29,0
65336.00,24.51,28,0
65366.80,24.49,28,0
65397.60,24.46,28,0
65428.40,24.43,27,0
65459.21,24.36,26,0
65490.03,24.3,26,0
65520.83,24.23,26,0
65551.63,24.17,25,0
65582.43,24.12,25,0
65613.23,24.06,26,0
65644.03,24,26,0
65674.83,23.94,26,0
65705.63,23.9,26,0
65736.43,23.84,26,0
65767.23,23.79,25,0
65798.03,23.73,25,0
65828.83,23.7,26,0
65859.63,23.63,26,0
65890.45,23.61,26,0
65921.25,23.58,25,0
65952.05,23.55,25,0
65982.85,23.5,25,0
66013.65,23.44,25,0
66044.45,23.39,24,0
66075.26,23.35,25,0
66106.06,23.31,25,0
66136.86,23.28,24,0
66167.66,23.27,25,0
66198.46,23.25,24,0
66229.26,23.22,24,0
66260.06,23.2,24,0
66290.88,23.18,24,0
66321.68,23.16,24,0
66352.48,23.16,24,0
66383.28,23.14,24,0
66414.08,23.12,24,0
66444.88,23.1,23,0
66475.68,23.06,23,0
66506.48,23.01,24,0
66537.28,22.99,24,0
66568.08,22.98,24,0
66598.89,22.95,24,0
66629.69,22.95,24,0
66660.49,22.95,24,0
66691.31,22.94,23,0
66722.11,22.93,23,0
66752.91,22.94,23,0
66783.71,22.93,23,0
66814.51,22.92,23,0
66845.31,22.91,23,0
66876.11,22.91,23,0
66906.91,22.89,23,0
66937.71,22.88,23,0
66968.51,22.87,23,0
66999.31,22.87,23,0
67030.11,22.87,23,0
67061.02,22.88,23,0
67091.83,22.9,23,0
67122.63,22.92,24,0
67153.43,22.94,24,0
67184.23,22.96,26,0
67215.03,22.95,25,0
67245.83,22.95,25,0
67276.63,22.95,25,0
67307.43,22.94,24,0
67338.23,22.91,24,0
67369.03,22.89,25,0
67399.83,22.86,25,0
67430.63,22.84,24,0
67461.45,22.81,24,0
67492.25,22.78,24,0
67523.05,22.76,24,0
67553.85,22.73,24,0
67584.65,22.71,24,0
67615.45,22.69,24,0
67646.25,22.67,24,0
67677.05,22.65,24,0
67707.86,22.66,24,0
67738.66,22.67,24,0
67769.46,22.68,24,0
67800.26,22.67,24,0
67831.06,22.67,24,0
67861.88,22.67,24,0
67892.68,22.67,24,0
67923.48,22.67,24,0
67954.28,22.68,24,0
67985.08,22.69,24,0
68015.88,22.7,24,0
68046.68,22.71,25,0
68077.48,22.73,25,0
68108.28,22.74,24,0
68139.08,22.75,24,0
68169.88,22.75,24,0
68200.68,22.76,24,0
68231.49,22.77,24,0
68262.31,22.76,24,0
68293.11,22.77,24,0
68323.91,22.76,24,0
68354.71,22.76,24,0
68385.51,22.77,24,0
68416.31,22.76,24,0
68447.11,22.76,24,0
68477.91,22.75,24,0
68508.71,22.74,24,0
68539.51,22.71,24,0
68570.31,22.67,24,0
68601.11,22.64,23,0
68631.91,22.61,23,0
68662.73,22.59,24,0
68693.53,22.59,24,0
68724.33,22.57,24,0
68755.13,22.55,24,0
68785.93,22.54,24,0
68816.73,22.52,24,0
68847.54,22.5,23,0
68878.34,22.5,23,0
68909.14,22.5,23,0
68939.94,22.49,23,0
68970.74,22.45,23,0
69001.54,22.41,23,0
69032.34,22.38,23,0
69063.16,22.36,23,0
69093.96,22.36,23,0
69124.76,22.35,23,0
69155.56,22.34,23,0
69186.36,22.33,23,0
69217.16,22.33,23,0
69247.96,22.32,23,0
69278.76,22.28,23,0
69309.56,22.24,23,0
69340.36,22.23,23,0
69371.17,22.21,23,0
69401.97,22.19,23,0
69432.77,22.18,23,0
69463.59,22.17,23,0
69494.39,22.16,23,0
69525.19,22.14,23,0
69555.99,22.13,23,0
69586.79,22.12,23,0
69617.59,22.1,23,0
69648.39,22.09,23,0
69679.19,22.08,23,0
69709.99,22.07,23,0
69740.79,22.07,23,0
69771.59,22.06,23,0
69802.39,22.05,23,0
69833.21,22.05,23,0
69864.01,22.04,23,0
69894.81,22.03,23,0
69925.61,22.01,23,0
69956.41,22,23,0
69987.22,21.98,23,0
70018.02,21.96,23,0
70048.82,21.96,23,0
70079.62,21.95,23,0
70110.42,21.94,23,0
70141.22,21.93,23,0
70172.02,21.93,23,0
70202.82,21.93,23,0
70233.64,21.94,23,0
70264.44,21.93,23,0
70295.24,21.92,23,0
70326.04,21.91,23,0
70356.84,21.91,23,0
70387.64,21.92,23,0
70418.44,21.92,23,0
70449.24,21.91,23,0
70480.04,21.92,24,0
70510.85,21.93,24,0
70541.65,21.94,24,0
70572.45,21.93,24,0
70603.25,21.93,24,0
70634.07,21.94,24,0
70664.87,21.92,24,0
70695.67,21.92,24,0
70726.47,21.89,24,0
70757.27,21.87,24,0
70788.07,21.85,24,0
70818.87,21.84,24,0
70849.67,21.84,24,0
70880.47,21.83,24,0
70911.27,21.82,24,0
70942.07,21.8,24,0
70972.87,21.79,24,0
71003.67,21.78,24,0
71034.49,21.78,24,0
71065.29,21.78,24,0
71096.09,21.78,24,0
71126.90,21.77,24,0
71157.70,21.75,24,0
71188.50,21.74,24,0
71219.30,21.72,24,0
71250.10,21.72,24,0
71280.90,21.71,24,0
71311.70,21.7,24,0
71342.50,21.7,24,0
71373.30,21.71,24,0
71404.10,21.7,24,0
71434.92,21.7,24,0
71465.72,21.7,24,0
71496.52,21.7,24,0
71527.32,21.72,24,0
71558.12,21.72,24,0
71588.92,21.71,24,0
71619.72,21.7,24,0
71650.52,21.68,24,0
71681.32,21.68,24,0
71712.12,21.68,24,0
71742.92,21.68,24,0
71773.72,21.67,24,0
71804.53,21.68,24,0
71835.35,21.68,24,0
71866.15,21.68,24,0
71896.95,21.67,24,0
71927.75,21.67,24,0
71958.55,21.66,24,0
71989.35,21.66,24,0
72020.15,21.65,24,0
72050.95,21.65,24,0
72081.75,21.64,24,0
72112.55,21.64,24,0
72143.35,21.65,24,0
72174.15,21.65,24,0
72204.95,21.66,24,0
72235.77,21.66,24,0
72266.57,21.65,24,0
72297.37,21.64,24,0
72328.17,21.63,24,0
72358.97,21.63,24,0
72389.77,21.62,25,0
72420.57,21.62,25,0
72451.38,21.62,25,0
72482.18,21.61,25,0
72512.98,21.6,25,0
72543.78,21.58,25,0
72574.58,21.57,25,0
72605.38,21.57,25,0
72636.20,21.58,25,0
72667.00,21.58,25,0
72697.80,21.58,25,0
72728.60,21.56,25,0
72759.40,21.54,25,0
72790.20,21.53,25,0
72821.00,21.52,25,0
72851.80,21.51,25,0
72882.60,21.5,25,0
72913.40,21.5,25,0
72944.20,21.5,25,0
72975.00,21.49,25,0
73005.80,21.47,25,0
73036.62,21.45,25,0
73067.42,21.44,25,0
73098.22,21.43,25,0
73129.02,21.43,25,0
73159.82,21.43,25,0
73190.62,21.43,25,0
73221.42,21.43,25,0
73252.22,21.43,25,0
73283.03,21.43,25,0
73313.83,21.42,25,0
73344.63,21.42,25,0
73375.43,21.42,25,0
73406.36,21.43,25,0
73437.16,21.44,25,0
73467.96,21.43,25,0
73498.76,21.42,25,0
73529.56,21.42,25,0
73560.36,21.42,25,0
73591.16,21.42,25,0
73621.96,21.4,25,0
73652.76,21.36,25,0
73683.56,21.33,25,0
73714.36,21.3,25,0
73745.16,21.28,25,0
73775.96,21.25,25,0
73806.78,21.25,25,0
73837.58,21.23,25,0
73868.38,21.22,25,0
73899.18,21.21,25,0
73929.99,21.21,25,0
73960.79,21.22,25,0
73991.59,21.21,25,0
74022.39,21.21,25,0
74053.19,21.21,25,0
74083.99,21.21,25,0
74114.79,21.22,25,0
74145.59,21.23,25,0
74176.39,21.22,25,0
74207.21,21.21,25,0
74238.01,21.19,25,0
74268.81,21.17,25,0
74299.61,21.17,25,0
74330.41,21.17,25,0
74361.21,21.16,25,0
74392.01,21.16,25,0
74422.81,21.16,25,0
74453.61,21.16,25,0
74484.41,21.16,25,0
74515.21,21.16,25,0
74546.02,21.15,25,0
74576.82,21.16,25,0
74607.64,21.15,25,0
74638.44,21.15,25,0
74669.24,21.15,25,0
74700.04,21.15,25,0
74730.84,21.15,25,0
74761.64,21.15,25,0
74792.44,21.14,25,0
74823.24,21.12,25,0
74854.04,21.11,25,0
74884.84,21.1,25,0
74915.64,21.09,25,0
74946.44,21.07,25,0
74977.24,21.05,25,0
75008.06,21.04,26,0
75038.86,21.06,26,0
75069.67,21.09,26,0
75100.47,21.13,26,0
75131.27,21.18,26,0
75162.07,21.23,26,0
75192.87,21.29,25,0
75223.67,21.34,26,0
75254.47,21.4,25,0
75285.27,21.46,25,0
75316.07,21.52,25,0
75346.87,21.57,25,0
75377.67,21.63,25,0
75408.49,21.67,25,0
75439.29,21.72,25,0
75470.09,21.77,25,0
75500.89,21.81,25,0
75531.69,21.85,25,0
75562.49,21.88,25,0
75593.29,21.92,25,0
75624.09,21.96,25,0
75654.89,21.99,25,0
75685.70,22.01,25,0
75716.50,22.04,25,0
75747.30,22.07,25,0
75778.12,22.1,25,0
75808.92,22.12,25,0
75839.72,22.15,25,0
75870.52,22.18,25,0
75901.32,22.21,25,0
75932.12,22.23,25,0
75962.92,22.26,25,0
75993.72,22.28,25,0
76024.52,22.3,25,0
76055.32,22.32,25,0
76086.12,22.34,25,0
76116.92,22.36,25,0
76147.72,22.38,25,0
76178.54,22.4,25,0
76209.34,22.42,25,0
76240.14,22.44,25,0
76270.94,22.46,25,0
76301.74,22.47,25,0
76332.54,22.49,25,0
76363.35,22.5,25,0
76394.15,22.52,25,0
76424.95,22.54,25,0
76455.75,22.55,25,0
76486.55,22.56,25,0
76517.35,22.58,25,0
76548.15,22.59,25,0
76578.97,22.61,25,0
76609.77,22.62,25,0
76640.57,22.63,25,0
76671.37,22.65,25,0
76702.17,22.66,25,0
76732.97,22.68,25,0
76763.77,22.69,25,0
76794.57,22.7,25,0
76825.37,22.72,25,0
76856.17,22.73,25,0
76886.97,22.74,25,0
76917.77,22.75,25,0
76948.57,22.76,25,0
76979.39,22.77,25,0
77010.20,22.78,25,0
77041.00,22.8,25,0
77071.80,22.81,25,0
77102.60,22.82,25,0
77133.40,22.83,25,0
77164.20,22.84,25,0
77195.00,22.85,25,0
77225.80,22.86,25,0
77256.60,22.88,25,0
77287.40,22.89,25,0
77318.20,22.9,25,0
77349.00,22.91,25,0
77379.82,22.92,25,0
77410.62,22.93,25,0
77441.42,22.93,25,0
77472.22,22.95,25,0
77503.03,22.95,25,0
77533.83,22.97,26,0
77564.63,22.98,26,0
77595.43,22.99,26,0
77626.23,23,26,0
77657.03,23.01,26,0
77687.83,23.02,26,0
77718.63,23.02,26,0
77749.43,23.03,26,0
77780.25,23.04,26,0
77811.05,23.04,26,0
77841.85,23.05,26,0
77872.65,23.06,26,0
77903.45,23.07,26,0
77934.25,23.07,26,0
77965.05,23.08,26,0
77995.85,23.09,26,0
78026.65,23.1,26,0
78057.45,23.1,26,0
78088.25,23.11,26,0
78119.05,23.12,26,0
78149.86,23.12,26,0
78180.67,23.13,26,0
78211.47,23.14,26,0
78242.27,23.15,26,0
78273.07,23.15,26,0
78303.87,23.16,26,0
78334.67,23.17,26,0
78365.47,23.18,26,0
78396.27,23.19,26,0
78427.07,23.2,26,0
78457.88,23.2,26,0
78488.68,23.21,26,0
78519.48,23.21,26,0
78550.28,23.22,26,0
78581.10,23.22,26,0
78611.90,23.23,26,0
78642.70,23.23,26,0
78673.50,23.24,26,0
78704.30,23.24,26,0
78735.10,23.25,26,0
78765.90,23.25,26,0
78796.70,23.26,26,0
78827.50,23.26,26,0
78858.30,23.27,26,0
78889.10,23.27,26,0
78919.90,23.27,26,0
78950.72,23.28,26,0
78981.53,23.28,26,0
79012.33,23.28,26,0
79043.13,23.28,26,0
79073.93,23.29,26,0
79104.73,23.29,26,0
79135.53,23.29,26,0
79166.33,23.29,26,0
79197.13,23.29,26,0
79227.93,23.29,26,0
79258.73,23.29,26,0
79289.53,23.3,27,0
79320.33,23.3,27,0
79351.15,23.3,27,0
79381.95,23.31,27,0
79412.75,23.31,27,0
79443.55,23.31,27,0
79474.35,23.31,26,0
79505.15,23.31,26,0
79535.95,23.32,26,0
79566.75,23.32,26,0
79597.56,23.32,27,0
79628.36,23.32,27,0
79659.16,23.32,27,0
79689.96,23.32,27,0
79720.76,23.32,27,0
79751.68,23.32,27,0
79782.48,23.32,27,0
79813.28,23.32,27,0
79844.08,23.33,27,0
79874.88,23.32,27,0
79905.68,23.32,27,0
79936.48,23.32,27,0
79967.28,23.32,27,0
79998.08,23.32,27,0
80028.88,23.32,27,0
80059.68,23.32,27,0
80090.48,23.31,27,0
80121.29,23.31,27,0
80152.11,23.31,27,0
80182.91,23.32,27,0
80213.71,23.32,27,0
80244.51,23.32,27,0
80275.31,23.32,27,0
80306.11,23.32,27,0
80336.91,23.32,27,0
80367.71,23.32,27,0
80398.51,23.32,27,0
80429.31,23.32,27,0
80460.11,23.31,27,0
80490.91,23.31,27,0
80521.71,23.31,27,0
80552.53,23.31,27,0
80583.33,23.31,27,0
80614.13,23.32,27,0
80644.93,23.32,27,0
80675.73,23.32,27,0
80706.53,23.32,27,0
80737.34,23.32,27,0
80768.14,23.32,27,0
80798.94,23.32,27,0
80829.74,23.32,27,0
80860.54,23.32,27,0
80891.34,23.31,27,0
80922.14,23.31,27,0
80952.96,23.31,27,0
80983.76,23.31,27,0
81014.56,23.32,27,0
81045.36,23.32,27,0
81076.16,23.32,27,0
81106.97,23.31,27,0
81137.77,23.32,27,0
81168.57,23.32,27,0
81199.37,23.31,27,0
81230.17,23.31,27,0
81260.97,23.31,27,0
81291.77,23.3,27,0
81322.59,23.3,27,0
81353.39,23.3,27,0
81384.19,23.3,27,0
81414.99,23.3,27,0
81445.79,23.3,27,0
81476.59,23.3,27,0
81507.39,23.3,27,0
81538.19,23.3,27,0
81568.99,23.3,27,0
81599.79,23.3,27,0
81630.59,23.3,27,0
81661.39,23.3,27,0
81692.19,23.29,27,0
81722.99,23.3,27,0
81753.81,23.3,27,0
81784.61,23.29,27,0
81815.41,23.29,27,0
81846.21,23.29,27,0
81877.02,23.29,27,0
81907.82,23.29,27,0
81938.62,23.28,27,0
81969.42,23.28,28,0
82000.22,23.28,27,0
82031.02,23.28,28,0
82061.82,23.28,28,0
82092.62,23.28,28,0
82123.42,23.28,28,0
82154.24,23.27,28,0
82185.04,23.27,28,0
82215.84,23.26,28,0
82246.64,23.26,28,0
82277.44,23.26,28,0
82308.24,23.26,28,0
82339.04,23.26,28,0
82369.84,23.26,28,0
82400.65,23.25,28,0
82431.45,23.25,28,0
82462.25,23.25,28,0
82493.05,23.25,28,0
82523.85,23.26,28,0
82554.67,23.25,28,0
82585.47,23.25,28,0
82616.27,23.25,28,0
82647.07,23.25,28,0
82677.87,23.25,28,0
82708.67,23.25,28,0
82739.47,23.24,28,0
82770.27,23.24,28,0
82801.07,23.24,28,0
82831.87,23.23,28,0
82862.67,23.23,28,0
82893.47,23.23,28,0
82924.29,23.22,28,0
82955.09,23.22,28,0
82985.89,23.22,28,0
83016.69,23.22,28,0
83047.49,23.22,28,0
83078.29,23.22,28,0
83109.09,23.22,28,0
83139.89,23.22,28,0
83170.70,23.22,28,0
83201.50,23.21,28,0
83232.30,23.21,28,0
83263.10,23.21,28,0
83293.90,23.21,28,0
83324.72,23.21,28,0
83355.52,23.21,28,0
83386.32,23.21,28,0
83417.12,23.21,28,0
83447.92,23.2,28,0
83478.72,23.2,28,0
83509.52,23.2,28,0
83540.32,23.2,28,0
83571.12,23.2,28,0
83601.92,23.19,28,0
83632.72,23.19,28,0
83663.52,23.19,28,0
83694.32,23.19,28,0
83725.14,23.19,28,0
83755.94,23.18,28,0
83786.74,23.18,28,0
83817.54,23.18,28,0
83848.34,23.18,28,0
83879.14,23.17,28,0
83909.94,23.17,28,0
83940.74,23.17,28,0
83971.54,23.17,28,0
84002.34,23.17,28,0
84033.15,23.17,28,0
84063.95,23.17,28,0
84094.75,23.16,28,0
84125.57,23.16,28,0
84156.37,23.16,28,0
84187.17,23.16,28,0
84217.97,23.16,28,0
84248.77,23.15,28,0
84279.57,23.15,28,0
84310.37,23.15,28,0
84341.17,23.15,29,0
84371.97,23.14,29,0
84402.77,23.14,29,0
84433.57,23.14,29,0
84464.37,23.14,29,0
84495.17,23.13,29,0
84525.99,23.13,29,0
84556.79,23.12,29,0
84587.59,23.12,29,0
84618.39,23.12,29,0
84649.20,23.11,29,0
84680.00,23.11,29,0
84710.80,23.11,29,0
84741.60,23.11,29,0
84772.40,23.1,29,0
84803.20,23.1,29,0
84834.00,23.1,29,0
84864.80,23.09,29,0
84895.60,23.09,29,0
84926.42,23.09,29,0
84957.22,23.09,29,0
84988.02,23.09,29,0
85018.82,23.08,29,0
85049.62,23.08,29,0
85080.42,23.08,29,0
85111.22,23.08,29,0
85142.02,23.09,29,0
85172.83,23.09,29,0
85203.63,23.1,29,0
85234.43,23.1,29,0
85265.23,23.1,29,0
85296.03,23.11,29,0
85326.85,23.11,29,0
85357.65,23.11,29,0
85388.45,23.11,29,0
85419.25,23.11,29,0
85450.05,23.12,29,0
85480.85,23.12,29,0
85511.65,23.12,29,0
85542.45,23.12,29,0
85573.25,23.13,29,0
85604.05,23.13,29,0
85634.85,23.14,29,0
85665.65,23.14,29,0
85696.46,23.15,29,0
85727.27,23.15,29,0
85758.07,23.16,29,0
85788.87,23.16,29,0
85819.67,23.16,29,0
85850.47,23.16,29,0
85881.27,23.16,29,0
85912.07,23.17,29,0
85942.87,23.17,29,0
85973.67,23.18,29,0
86004.47,23.19,29,0
86035.27,23.19,29,0
86066.07,23.19,29,0
86097.00,23.2,29,0
86127.80,23.2,29,0
86158.60,23.2,29,0
86189.40,23.21,29,0
86220.20,23.21,29,0
86251.00,23.21,29,0
86281.80,23.21,29,0
86312.61,23.22,29,0
86343.41,23.22,29,0
86374.21,23.22,29,0
86405.01,23.22,29,0
86435.81,23.23,29,0
86466.61,23.24,29,0
86497.43,23.24,29,0
86528.23,23.24,29,0
86559.03,23.24,29,0
86589.83,23.25,29,0
86620.63,23.25,29,0
86651.43,23.25,29,0
86682.23,23.25,29,0
86713.03,23.25,29,0
86743.83,23.26,29,0
86774.64,23.26,29,0
86805.43,23.27,29,0
86836.23,23.27,29,0
86867.03,23.27,29,0
86897.85,23.28,29,0
86928.66,23.28,29,0
86959.46,23.28,29,0
86990.26,23.28,29,0
87021.06,23.29,29,0
87051.86,23.29,29,0
87082.66,23.3,29,0
87113.46,23.3,29,0
87144.26,23.31,29,0
87175.06,23.31,29,0
87205.86,23.31,29,0
87236.66,23.31,29,0
87267.46,23.32,29,0
87298.28,23.32,29,0
87329.08,23.32,29,0
87359.88,23.33,29,0
87390.68,23.33,29,0
87421.48,23.33,29,0
87452.29,23.33,29,0
87483.09,23.34,29,0
87513.89,23.34,29,0
87544.69,23.34,29,0
87575.49,23.34,29,0
87606.29,23.34,29,0
87637.09,23.35,29,0
87667.89,23.35,29,0
87698.71,23.35,29,0
87729.51,23.35,29,0
87760.31,23.35,29,0
87791.11,23.35,29,0
87821.91,23.36,29,0
87852.71,23.36,29,0
87883.51,23.36,29,0
87914.31,23.36,29,0
87945.11,23.36,29,0
87975.91,23.36,29,0
88006.71,23.36,29,0
88037.51,23.36,29,0
88068.32,23.37,29,0
88099.13,23.37,29,0
88129.93,23.37,29,0
88160.73,23.37,29,0
88191.53,23.37,29,0
88222.34,23.37,29,0
88253.14,23.37,29,0
88283.94,23.37,29,0
88314.74,23.37,29,0
88345.54,23.37,29,0
88376.34,23.37,29,0
88407.14,23.38,29,0
88437.94,23.38,29,0
88468.76,23.38,29,0
88499.56,23.38,29,0
88530.36,23.38,29,0
88561.16,23.39,29,0
88591.96,23.39,29,0
88622.76,23.39,29,0
88653.56,23.38,29,0
88684.36,23.38,29,0
88715.16,23.39,29,0
88745.97,23.39,29,0
88776.77,23.39,29,0
88807.57,23.39,29,0
88838.37,23.73,34,0